{
  "IcoMoonType": "selection",
  "icons": [
    {
      "icon": {
        "paths": [
          "M768 716.8h-512l256-460.8 256 460.8z"
        ],
        "attrs": [
          {}
        ],
        "isMulticolor": false,
        "isMulticolor2": false,
        "tags": [
          "triangle-up"
        ],
        "grid": 20
      },
      "attrs": [
        {}
      ],
      "properties": {
        "order": 1,
        "id": 0,
        "prevSize": 20,
        "name": "triangle-up"
      },
      "setIdx": 0,
      "setId": 3,
      "iconIdx": 0
    },
    {
      "icon": {
        "paths": [
          "M877.714 512c0 242.286-196.571 438.857-438.857 438.857s-438.857-196.571-438.857-438.857 196.571-438.857 438.857-438.857 438.857 196.571 438.857 438.857z"
        ],
        "attrs": [
          {}
        ],
        "width": 878,
        "isMulticolor": false,
        "isMulticolor2": false,
        "tags": [
          "circle"
        ],
        "grid": 14
      },
      "attrs": [
        {}
      ],
      "properties": {
        "order": 1,
        "id": 0,
        "name": "circle",
        "prevSize": 28
      },
      "setIdx": 1,
      "setId": 2,
      "iconIdx": 0
    },
    {
      "icon": {
        "paths": [
          "M128 128h768v768h-768z"
        ],
        "tags": [
          "stop",
          "player",
          "square"
        ],
        "defaultCode": 59934,
        "grid": 16,
        "attrs": []
      },
      "attrs": [],
      "properties": {
        "ligatures": "stop2, player10",
        "name": "stop2",
        "order": 2,
        "id": 287,
        "prevSize": 32
      },
      "setIdx": 2,
      "setId": 1,
      "iconIdx": 286
    }
  ],
  "height": 1024,
  "preferences": {
    "showGlyphs": true,
    "showQuickUse": true,
    "showQuickUse2": true,
    "showSVGs": true,
    "fontPref": {
      "prefix": "icon-",
      "metadata": {
        "fontFamily": "icomoon"
      },
      "metrics": {
        "emSize": 1024,
        "baseline": 6.25,
        "whitespace": 50
      },
      "embed": false
    },
    "imagePref": {
      "prefix": "icon-",
      "png": true,
      "useClassSelector": true,
      "color": 0,
      "bgColor": 16777215,
      "classSelector": ".icon",
      "name": "icomoon"
    },
    "historySize": 50,
    "showCodes": true,
    "gridSize": 16
  }
}